timestamp,session_id,persona,base_branch,base_pr_number
2026-01-05T02:43:55.265761+00:00,9658149121168407353,curator,main,
2026-01-05T03:19:01.963684+00:00,9064785372207513113,refactor,feat/ux-baseline-improvements-9658149121168407353,2231
2026-01-06T04:25:48.863323+00:00,12020476664561173713,visionary,jules,
2026-01-06T19:33:30.043193+00:00,14977023674151342787,bolt,jules,
2026-01-06T20:03:27.642962+00:00,16199318227655718962,sentinel,jules,
2026-01-06T20:37:48.586468+00:00,8214679009989255459,builder,jules,
2026-01-07T00:42:20.644450+00:00,1914909956082827342,shepherd,jules,
2026-01-07T01:55:06.343634+00:00,13962607018281509733,janitor,jules,
2026-01-07T03:18:42.617580+00:00,8712182136143714727,docs_curator,jules,
2026-01-07T03:53:47.921186+00:00,10059920587543671780,artisan,jules,
2026-01-07T04:44:46.335034+00:00,11792726623064130977,palette,jules,
2026-01-07T04:59:17.112117+00:00,4672665847159058014,scribe,jules,
2026-01-07T05:13:33.434573+00:00,5711411420860633941,forge,jules,
2026-01-08T16:56:56.940817+00:00,5099007441331269247,sheriff,jules,
2026-01-08T20:50:02.856946+00:00,15106589689515611112,streamliner,jules-pr2279-5099007441331269247,2279
